{"Albertslund":55.4191137213,"Ballerup":43.6220011844,"Br\u00f8ndby":40.4202105664,"Drag\u00f8r":37.3778980817,"Frederiksberg":57.2209229602,"Gentofte":44.254136363,"Gladsaxe":47.8302146279,"Glostrup":42.8713485862,"Herlev":39.555601438,"Hvidovre":42.6199444135,"H\u00f8je-Taastrup":64.5360365378,"Ish\u00f8j":45.5313700384,"K\u00f8benhavn":55.7682492494,"R\u00f8dovre":40.5909021054,"T\u00e5rnby":43.8651111921,"Vallensb\u00e6k":22.1343873518}