{"Kommune":{"0":"Albertslund","1":"Ballerup","2":"Br\u00f8ndby","3":"Drag\u00f8r","4":"Frederiksberg","5":"Gentofte","6":"Gladsaxe","7":"Glostrup","8":"Herlev","9":"Hvidovre","10":"H\u00f8je-Taastrup","11":"H\u00f8rsholm","12":"Ish\u00f8j","13":"K\u00f8benhavn","14":"R\u00f8dovre","15":"T\u00e5rnby"},"dif_2019":{"0":19.6550255537,"1":2.490508732,"2":6.4647451555,"3":-5.0902360019,"4":-3.2058893531,"5":7.0427246227,"6":-0.9704880817,"7":3.2598542873,"8":-1.7376360512,"9":6.9952822515,"10":7.3961937716,"11":12.3309155068,"12":16.1165625929,"13":4.1109674801,"14":-0.3947118005,"15":8.892417626},"dif_2020":{"0":50.9688784498,"1":42.1963144039,"2":35.2571523069,"3":37.1801304566,"4":45.327488952,"5":43.3694107318,"6":39.3205267058,"7":39.4801051051,"8":40.4798210837,"9":39.6649441574,"10":43.4187608858,"11":37.5642871837,"12":33.9440993789,"13":45.4549802625,"14":38.0764163373,"15":36.1434241139},"per_2019":{"0":119.6550255537,"1":102.490508732,"2":106.4647451555,"3":94.9097639981,"4":96.7941106469,"5":107.0427246227,"6":99.0295119183,"7":103.2598542873,"8":98.2623639488,"9":106.9952822515,"10":107.3961937716,"11":112.3309155068,"12":116.1165625929,"13":104.1109674801,"14":99.6052881995,"15":108.892417626},"per_2020":{"0":49.0311215502,"1":57.8036855961,"2":64.7428476931,"3":62.8198695434,"4":54.672511048,"5":56.6305892682,"6":60.6794732942,"7":60.5198948949,"8":59.5201789163,"9":60.3350558426,"10":56.5812391142,"11":62.4357128163,"12":66.0559006211,"13":54.5450197375,"14":61.9235836627,"15":63.8565758861}}